Company Name,Domain,Description,Industry,Size,Type,City,State or Province,Country,LinkedIn URL,Enrich company,Employee Count,Founded,Follower Count,Scrape website,Lead Temperature,Personalized Opener,Use AI Email Opener
Smith,smithweb.com,"Founded in 1984, Smith is the leading independent distributor of electronic components. Smith’s Intelligent DistributionTM model offers a comprehensive suite of flexible and scalable supply chain solutions to source, manage, test, and ship billions of components to partners worldwide in every industry and vertical. The company is backed by more than 25 certifications and accreditations and has developed and implemented sustainable practices that exceed industry and regulatory requirements. Building on its decades of market data, cutting-edge technology, and a systems-based approach to quality excellence, Smith generated more than USD $3.4 billion in global revenue in 2025 and ranks eighth among all global distributors. Visit www.smithweb.com to learn more.",Semiconductor Manufacturing,"501-1,000",Privately Held,Houston,Texas,United States,https://www.linkedin.com/company/smith-&-associates,Smith,"1,776",1984,"132,497",✅ smithweb.com,Hot,Noticed Smith’s Intelligent Distribution model and the more than $3.4 billion in global revenue i...,Noticed Smith’s Intelligent Distribution model and the more than $3.4 billion in global revenue in 2025.
Cerebras,cerebras.ai,"Cerebras Systems builds the world's fastest AI inference. We are powering the future of generative AI. We’re a team of pioneering computer architects, deep learning researchers, and engineers building a new class of AI supercomputers from the ground up.

From sub-second inference speeds to breakthrough training performance, Cerebras makes it easier to build and deploy state-of-the-art AI—from proprietary enterprise models to open-source projects downloaded millions of times.

Here’s what makes our platform different:
 Sub-second reasoning – Instant intelligence and real-time responsiveness, even at massive scale
 Blazing-fast inference – Up to 30x faster than GPUs
 Agentic AI in action – Models that can plan, act, and adapt autonomously
 Scalable infrastructure – Built to move from prototype to global deployment without friction

Cerebras solutions are available in the Cerebras Cloud or on-prem, serving leading enterprises, research labs, and government agencies worldwide.

 Learn more: https://www.cerebras.ai 
Join us: https://cerebras.net/careers/",Semiconductor Manufacturing,"501-1,000",Public Company,Sunnyvale,California,United States,https://www.linkedin.com/company/cerebras-systems,Cerebras,"1,036",,"128,606",✅ cerebras.ai,Hot,Noticed Cerebras is pushing sub-second inference and up to 30x faster performance than GPUs.,Noticed Cerebras is pushing sub-second inference and up to 30x faster performance than GPUs.
Yield Engineering Systems,yes.tech,"YES provides surface and materials enhancement systems (thermal processing, wet processing, plasma cleaning, and coating) that enable innovation for technology leaders across a wide spectrum of markets, including advanced packaging, IoT, life sciences, AR/VR, MEMS, power, automotive and sensors.",Semiconductor Manufacturing,201-500,Privately Held,Fremont,California,United States,https://www.linkedin.com/company/yield-engineering-systems,Yield Engineering Systems,436,1980,"91,879",✅ yes.tech,Warm,"I noticed YES provides thermal processing, wet processing, plasma cleaning, and coating for advan...","I noticed YES provides thermal processing, wet processing, plasma cleaning, and coating for advanced packaging and MEMS markets."
Rambus,rambus.com,"Dedicated to making data faster and safer, Rambus creates innovative hardware, software and services that drive technology advancements from the data center to the mobile edge. Our architecture licenses, IP cores, chips, software, and services span memory and interfaces, security, and emerging technologies to positively impact the modern world. We collaborate with the industry, partnering with leading chip and system designers, foundries, and service providers. Integrated into tens of billions of devices and systems, our products and technologies power and secure diverse applications, including Big Data, Internet of Things (IoT) security and much more!",Semiconductor Manufacturing,"501-1,000",Public Company,San Jose,California,United States,https://www.linkedin.com/company/rambus,Rambus,"1,159",1990,"74,840",✅ rambus.com,Hot,"Noticed Rambus technology is integrated into tens of billions of devices and systems, spanning me...","Noticed Rambus technology is integrated into tens of billions of devices and systems, spanning memory, interfaces, security, and emerging technologies."
SiFive,sifive.com,The heart of SiFive is RISC-V! SiFive creates the building blocks of RISC-V-based IP that are the inevitable innovative reimagining of every computing platform.,Semiconductor Manufacturing,"501-1,000",Privately Held,Santa Clara,California,United States,https://www.linkedin.com/company/sifive,SiFive,521,,"67,368",✅ sifive.com,Hot,I noticed SiFive focuses on building blocks of RISC-V-based IP for reimagining computing platforms.,I noticed SiFive focuses on building blocks of RISC-V-based IP for reimagining computing platforms.
SEMI,semi.org,"SEMI® is the global industry association connecting over 4,000 companies and 1.5 million professionals worldwide across the semiconductor and electronics design and manufacturing supply chain. We accelerate member collaboration on solutions to top industry challenges through Advocacy, Workforce Development, Sustainability, Supply Chain Management and other programs. Our SEMICON® expositions and events, technology communities, standards and market intelligence help advance our members’ business growth and innovations in design, devices, equipment, materials, services and software, enabling smarter, faster, more secure electronics.",Semiconductor Manufacturing,201-500,Non Profit,Milpitas,California,United States,https://www.linkedin.com/company/semi,SEMI,792,1970,"57,468",✅ semi.org,Warm,"Noticed SEMI connects over 4,000 companies and 1.5 million professionals across the semiconductor...","Noticed SEMI connects over 4,000 companies and 1.5 million professionals across the semiconductor and electronics supply chain."
Power Integrations,power.com,"Power Integrations, Inc., is a Silicon Valley-based supplier of high-performance electronic components used in high-voltage power-conversion systems. Our integrated circuits and diodes enable compact, energy-efficient AC-DC power supplies for a vast range of electronic products including mobile devices, TVs, PCs, appliances, smart utility meters and LED lights. Our SCALETM IGBT drivers enhance the efficiency, reliability and cost of high-power applications such as industrial motor drives, solar and wind energy systems, electric vehicles and high-voltage DC transmission. Since its introduction in 1998, Power Integrations' EcoSmart® energy-efficiency technology has prevented billions of dollars' worth of energy waste and millions of tons of carbon emissions. Reflecting the environmental benefits of our products, Power Integrations' stock is a member of clean-technology stock indices sponsored by Cleantech Group LLC and Clean Edge. Visit our Green Room for a comprehensive guide to energy-efficiency standards around the world. For more information please visit www.power.com.",Semiconductor Manufacturing,"501-1,000",Public Company,San Jose,California,United States,https://www.linkedin.com/company/power-integrations,Power Integrations,"1,119",1998,"57,453",✅ power.com,Hot,Noticed EcoSmart has been reducing energy waste since 1998 across your power-conversion products.,Noticed EcoSmart has been reducing energy waste since 1998 across your power-conversion products.
Astera Labs,asteralabs.com,"Astera Labs (NASDAQ: ALAB) provides rack-scale AI infrastructure through purpose-built connectivity solutions. By collaborating with hyperscalers and ecosystem partners, Astera Labs enables organizations to unlock the full potential of modern AI. Astera Labs’ Intelligent Connectivity Platform integrates CXL®, Ethernet, NVLinkTM Fusion, PCIe®, and UALinkTM semiconductor-based technologies with the company’s COSMOS software suite to unify diverse components into cohesive, flexible systems that deliver end-to-end scale-up, and scale-out connectivity. The company’s custom connectivity solutions business complements its standards-based portfolio, enabling customers to deploy tailored architectures to meet their unique infrastructure requirements. Discover more at www.asteralabs.com.",Semiconductor Manufacturing,"501-1,000",Public Company,San Jose,California,United States,https://www.linkedin.com/company/astera-labs,Astera Labs,"1,210",2017,"55,696",✅ asteralabs.com,Hot,"Noticed your Intelligent Connectivity Platform brings together CXL, NVLink Fusion, and COSMOS sof...","Noticed your Intelligent Connectivity Platform brings together CXL, NVLink Fusion, and COSMOS software to unify scale-up and scale-out connectivity."
Orbit & Skyline,orbitskyline.com,"Orbit & Skyline is a leading semiconductor services provider with a strong and seasoned team of experienced engineers. We deliver innovation and value in a wide range of semiconductor industry services ranging from mechanical, electrical, and software engineering services for our OEM clients to supply chain and on-site tool technology and tool startup, maintenance, and process services for our semiconductor fab customers. Our client list boasts of prestigious IC chip manufacturers and OEM spread over USA, Asia, Middle East and Europe. With our wide range of services, Orbit & Skyline improves ROI, operational efficiency, and provides competitive advantage to our clients.",Semiconductor Manufacturing,"501-1,000",Privately Held,Newport Beach,California,United States,https://www.linkedin.com/company/orbitskyline,Orbit & Skyline,481,,"46,971",✅ orbitskyline.com,Hot,"I noticed your semiconductor services span OEM clients and fab customers across the USA, Asia, th...","I noticed your semiconductor services span OEM clients and fab customers across the USA, Asia, the Middle East, and Europe."
Alphawave Semi,awavesemi.com,"We work to create silicon that enables the highest performing, most reliable and lowest power digital communication networks.

Alphawave Semi is a global leader in high-speed connectivity for the world’s technology infrastructure. Faced with the exponential growth of data, Alphawave Semi’s technology services a critical need: Enabling data to travel faster, more reliably and with higher performance at lower power. 

We are a vertically integrated semiconductor company, and our IP, custom silicon, and connectivity products are deployed by global tier-one customers in data centers, compute, networking, AI, 5G, autonomous vehicles, and storage. Founded in 2017 by an expert technical team with a proven track record in licensing semiconductor IP, our mission is to accelerate the critical data infrastructure at the heart of our digital world.",Semiconductor Manufacturing,"501-1,000",Public Company,Toronto,Ontario,Canada,https://www.linkedin.com/company/awavesemi,Alphawave Semi,546,,"45,997",✅ awavesemi.com,Hot,"Noticed your IP, custom silicon, and connectivity products are deployed across data centers, AI, ...","Noticed your IP, custom silicon, and connectivity products are deployed across data centers, AI, 5G, autonomous vehicles, and storage."
"KIOXIA America, Inc.",kioxia.com,Shaping the future of storage with cutting-edge flash memory solutions and services.,Semiconductor Manufacturing,201-500,Privately Held,San Jose,California,United States,https://www.linkedin.com/company/kioxia-america-inc,"KIOXIA America, Inc.",398,,"41,833",✅ kioxia.com,Warm,NO_SIGNAL,NO_SIGNAL
TechInsights,techinsights.com,"TechInsights is the most trusted source of technology analysis and market information for the semiconductor and microelectronics industry.

Founded in 1989 to provide advanced reverse engineering services to companies seeking to better understand the underlying architecture of the semiconductor; for over 30 years we have existed to support a fair marketplace where semiconductor and electronics intellectual property can be innovated and monetized. We enable business leaders to make the best-informed technology and investment decisions.",Semiconductor Manufacturing,201-500,Privately Held,Ottawa,Ontario,Canada,https://www.linkedin.com/company/-techinsights,TechInsights,466,1989,"41,136",✅ techinsights.com,Warm,I noticed TechInsights was founded in 1989 around advanced reverse engineering services for semic...,I noticed TechInsights was founded in 1989 around advanced reverse engineering services for semiconductor companies.
SK hynix America,skhynix.com,"Semiconductors are essential to all IT products, and its performance often determines the performance of the final products. SK hynix is a global leader in producing semiconductor, such as DRAM, NAND Flash and CMOS Image Sensors. With these technology driven semiconductor products, SK hynix has consistently led the industry and is now the second largest memory chip maker worldwide. 

 IT devices become more pervasive as new imaginative and innovative IT products continue to grab imagination and desires of consumers. SK hynix has enhanced its competency with the best level of technology and a wide range of business portfolios in order to satisfy all those demand from customers. As a member of SK Group*, SK hynix is aiming at becoming the world’s best semiconductor company. SK hynix America Inc. operates as a subsidiary of SK Hynix Inc.


 *SK Group is one of South Korea's top five industrial conglomerates. 
 It has about 40 affiliated companies, ranging from energy, telecommunications, finance, to construction.",Semiconductor Manufacturing,201-500,Privately Held,San Jose,California,United States,https://www.linkedin.com/company/skhynix-america-inc,SK hynix America,375,1983,"37,640",✅ skhynix.com,Warm,"Noticed SK hynix is now the second largest memory chip maker worldwide, with DRAM, NAND Flash, an...","Noticed SK hynix is now the second largest memory chip maker worldwide, with DRAM, NAND Flash, and CMOS Image Sensors in its portfolio."
TDK InvenSense,invensense.com,"InvenSense, a TDK Group company, is a world-leading provider of sensor solutions, including MEMS and magnetic sensors for consumer, industrial, and automotive applications. InvenSense MEMS sensors are known to be best-in-class for reasons that include high performance and reliability, high-volume manufacturing capacity and supply stability, ongoing hardware and software innovation, and ultra-low power consumption. They can be found in Mobile, Wearable, Smart Home, Industrial, Automotive, IoT, and Robotics products, among others. 

Founded in 2003, InvenSense has a 20+ year history of patented sensor technology across Motion, Sound, and Ultrasonic solutions, including the invention of the 6-axis IMU. InvenSense is dedicated to enabling partner success and enhancing lives through sustainable sensor innovation. 

In May of 2017, InvenSense became part of the MEMS Sensors Business Group of TDK Corporation, based in Tokyo, Japan. InvenSense is headquartered in San Jose, California and has offices in Boston, China, Taiwan, Korea, Japan, France, Canada, Slovakia, and Italy.",Semiconductor Manufacturing,"501-1,000",Privately Held,San Jose,California,United States,https://www.linkedin.com/company/invensense-inc,TDK InvenSense,691,,"34,792",✅ invensense.com,Hot,"I noticed InvenSense invented the 6-axis IMU and now spans Motion, Sound, and Ultrasonic sensor s...","I noticed InvenSense invented the 6-axis IMU and now spans Motion, Sound, and Ultrasonic sensor solutions."
Fusion Worldwide,fusionww.com,"For over 25 years, Fusion Worldwide has been connecting buyers to trusted suppliers of electronic components in the open market. As an independent distributor, Fusion offers comprehensive supply chain solutions for small, medium and large global enterprises, including Fortune 500s, across numerous verticals such as computing, IT infrastructure, automotive, industrial automation, consumer electronics, medical and more. Fusion’s vast supplier network, commitment to quality, and market intelligence offers customers the speed, transparency, and reliability they need to navigate today’s fast-changing supply chain, including shortages. With ongoing investments in supplier relations, sales and service hubs, technology infrastructure, and quality testing, including the recent acquisition of Prosemi, Singapore’s largest electronics test center, Fusion enables fast, turnkey sourcing for its customers. 

Headquartered in Portsmouth, NH, Fusion Worldwide has grown into a $3B global organization, with over 300 employees in 19 offices throughout the Americas, Europe, and Asia. To learn more, visit fusionww.com.",Semiconductor Manufacturing,201-500,Privately Held,Boston,Massachusetts,United States,https://www.linkedin.com/company/fusion-worldwide,Fusion Worldwide,468,2001,"32,902",✅ fusionww.com,Warm,"Noticed the recent acquisition of Prosemi, Singapore’s largest electronics test center, alongside...","Noticed the recent acquisition of Prosemi, Singapore’s largest electronics test center, alongside your investments in supplier relations and quality testing."
Navitas Semiconductor,navitassemi.com,"Navitas Semiconductor (Nasdaq: NVTS) is a next-generation power semiconductor leader in gallium nitride (GaN) and IC integrated devices, and high-voltage silicon carbide (SiC) technology, driving innovation across AI data centers, performance computing, energy and grid infrastructure, and industrial electrification. With more than 30 years of combined expertise in wide bandgap technologies, GaNFastTM power ICs integrate GaN power, drive, control, sensing, and protection, delivering faster power delivery, higher system density, and greater efficiency. GeneSiCTM high-voltage SiC devices leverage patented trench-assisted planar technology to provide industry-leading voltage capability, efficiency, and reliability for medium-voltage grid and infrastructure applications. Navitas has over 300 patents issued or pending and is the world’s first semiconductor company to be CarbonNeutral®-certified.

Navitas Semiconductor, GaNFast, GaNSense, GaNSafe, GeneSiC, and the Navitas logo are trademarks or registered trademarks of Navitas Semiconductor Limited or affiliates. All other brands, product names and marks are or may be trademarks or registered trademarks used to identify products or services of their respective owners.",Semiconductor Manufacturing,201-500,Public Company,Torrance,California,United States,https://www.linkedin.com/company/navitas-semiconductor,Navitas Semiconductor,210,2014,"32,129",,Warm,"I noticed Navitas is the world’s first semiconductor company to be CarbonNeutral-certified, along...","I noticed Navitas is the world’s first semiconductor company to be CarbonNeutral-certified, alongside its GaNFast and GeneSiC platforms."
Mattson Technology,mattson.com,"Mattson Technology designs, manufactures, markets and supports semiconductor wafer processing equipment used in the fabrication of integrated circuits.  We are a key supplier of dry strip, rapid thermal anneal, plasma etch, and millisecond anneal equipment to the global semiconductor industry. Our manufacturing equipment utilizes innovative technology to deliver advanced processing capabilities and high productivity for the fabrication of current and next-generation semiconductor technology nodes. 

Our customer base includes memory and foundry/ logic device manufacturers. We have a global sales and support organization focused on developing strong, long-term customer relationships. We have design and manufacturing centers in the United States, Germany. Our customer sales and support teams are located in China, Germany, Japan, South Korea, Singapore, Taiwan and the United States.

We were incorporated in California in 1988 and reincorporated in Delaware in 1997. Our principal executive office is located in Fremont, CA.",Semiconductor Manufacturing,"501-1,000",Privately Held,Fremont,California,United States,https://www.linkedin.com/company/mattson-technology,Mattson Technology,615,,"30,992",✅ mattson.com,Hot,"Noticed Mattson’s dry strip, rapid thermal anneal, plasma etch, and millisecond anneal equipment ...","Noticed Mattson’s dry strip, rapid thermal anneal, plasma etch, and millisecond anneal equipment for memory and foundry/logic manufacturers."